<?xml version="1.0" encoding="UTF-8"?><bookmarks><file xmlns="http://www.w3.org/1999/xhtml" absolutepath="/MATLAB Drive/Modelo_matematico.mlapp"></file><file xmlns="http://www.w3.org/1999/xhtml" absolutepath="/MATLAB Drive/Masa_resorte_amortiguador.mlapp"></file><file xmlns="http://www.w3.org/1999/xhtml" absolutepath="/MATLAB Drive/menu.mlapp"></file><file xmlns="http://www.w3.org/1999/xhtml" absolutepath="/MATLAB Drive/Teoria_de_colas.mlapp"></file><file xmlns="http://www.w3.org/1999/xhtml" absolutepath="/MATLAB Drive/Reglas_Monte_Carlo.mlapp"></file><file xmlns="http://www.w3.org/1999/xhtml" absolutepath="/MATLAB Drive/Teoria_Metodo.m"></file></bookmarks>