<?xml version="1.0" encoding="UTF-8"?>
<Editor version="1.0">
   <File absPath="" lastWrittenTime="1727195511731" name="app1.mlapp">
      <CodeFolds version="1.0">
         <FoldType name="properties">
            <Fold endOffset="163" startOffset="93" state="collapsed"/>
         </FoldType>
         <FoldType name="method">
            <Fold endOffset="424" startOffset="278" state="collapsed"/>
         </FoldType>
      </CodeFolds>
   </File>
   <File absPath="" lastWrittenTime="1727195586481" name="app2.mlapp">
      <CodeFolds version="1.0">
         <FoldType name="properties">
            <Fold endOffset="163" startOffset="93" state="collapsed"/>
         </FoldType>
         <FoldType name="method">
            <Fold endOffset="424" startOffset="278" state="collapsed"/>
         </FoldType>
      </CodeFolds>
   </File>
   <File absPath="/MATLAB Drive" lastWrittenTime="1727195615374" name="Teoria_de_colas.mlapp">
      <CodeFolds version="1.0">
         <FoldType name="properties">
            <Fold endOffset="174" startOffset="104" state="collapsed"/>
         </FoldType>
         <FoldType name="method">
            <Fold endOffset="664" startOffset="289" state="collapsed"/>
         </FoldType>
      </CodeFolds>
   </File>
   <File absPath="" lastWrittenTime="1727195730312" name="app3.mlapp">
      <CodeFolds version="1.0">
         <FoldType name="properties">
            <Fold endOffset="163" startOffset="93" state="collapsed"/>
         </FoldType>
         <FoldType name="method">
            <Fold endOffset="424" startOffset="278" state="collapsed"/>
         </FoldType>
      </CodeFolds>
   </File>
   <File absPath="/MATLAB Drive" lastWrittenTime="1727195750745" name="Reglas_Monte_Carlo.mlapp">
      <CodeFolds version="1.0">
         <FoldType name="properties">
            <Fold endOffset="177" startOffset="107" state="collapsed"/>
         </FoldType>
         <FoldType name="method">
            <Fold endOffset="667" startOffset="292" state="collapsed"/>
         </FoldType>
      </CodeFolds>
   </File>
   <File absPath="/MATLAB Drive" lastWrittenTime="1727199069129" name="Teoria_Metodo.m">
      <CodeFolds version="1.0"/>
   </File>
   <File absPath="/MATLAB Drive" lastWrittenTime="1727200063246" name="Modelo_matematico.mlapp">
      <CodeFolds version="1.0">
         <FoldType name="properties">
            <Fold endOffset="1958" startOffset="106" state="collapsed"/>
         </FoldType>
         <FoldType name="method">
            <Fold endOffset="13597" startOffset="4213" state="collapsed"/>
            <Fold endOffset="13990" startOffset="13703" state="collapsed"/>
            <Fold endOffset="14165" startOffset="14050" state="collapsed"/>
         </FoldType>
      </CodeFolds>
   </File>
   <File absPath="/MATLAB Drive" lastWrittenTime="1727201697854" name="Masa_resorte_amortiguador.mlapp">
      <CodeFolds version="1.0">
         <FoldType name="method">
            <Fold endOffset="14543" startOffset="4371" state="collapsed"/>
            <Fold endOffset="14944" startOffset="14649" state="collapsed"/>
            <Fold endOffset="15119" startOffset="15004" state="collapsed"/>
         </FoldType>
      </CodeFolds>
   </File>
   <File absPath="/MATLAB Drive" lastWrittenTime="1727201870034" name="menu.mlapp">
      <CodeFolds version="1.0">
         <FoldType name="properties">
            <Fold endOffset="568" startOffset="93" state="collapsed"/>
         </FoldType>
         <FoldType name="method">
            <Fold endOffset="5057" startOffset="1471" state="collapsed"/>
            <Fold endOffset="5437" startOffset="5163" state="collapsed"/>
            <Fold endOffset="5612" startOffset="5497" state="collapsed"/>
         </FoldType>
      </CodeFolds>
   </File>
</Editor>